{
  "skeleton": {
    "hash": "NLP4tWIuPabxzB4nEp2R4QxWNT0",
    "spine": "3.8.75",
    "x": -37.22,
    "y": -89.76,
    "width": 120,
    "height": 120
  },
  "bones": [
    {
      "name": "root"
    },
    {
      "name": "xuehua",
      "parent": "root"
    },
    {
      "name": "xuekuai3",
      "parent": "root",
      "x": 10.67,
      "y": -7.44
    },
    {
      "name": "xuekuai2",
      "parent": "root",
      "x": 10.8,
      "y": 16.38
    },
    {
      "name": "xiaoxuekuai1",
      "parent": "root",
      "x": -10.75,
      "y": 16.81
    },
    {
      "name": "xuekuai4",
      "parent": "root",
      "rotation": -35.79,
      "x": -11.38,
      "y": -6.98,
      "scaleX": -1.06,
      "scaleY": 1.06
    },
    {
      "name": "xiaoxuekuai2",
      "parent": "root",
      "rotation": -41.55,
      "x": -2.3,
      "y": -4.97,
      "scaleX": -0.7746,
      "scaleY": 0.7746
    },
    {
      "name": "xiaoxuekuai3",
      "parent": "root",
      "rotation": -41.55,
      "x": 13.3,
      "y": 6.73,
      "scaleX": -0.7746,
      "scaleY": 0.7746
    }
  ],
  "slots": [
    {
      "name": "xuehua",
      "bone": "xuehua"
    },
    {
      "name": "xuekuai2",
      "bone": "xuekuai2"
    },
    {
      "name": "xuekuai4",
      "bone": "xuekuai4"
    },
    {
      "name": "xuekuai3",
      "bone": "xuekuai3"
    },
    {
      "name": "xuekuai1",
      "bone": "xiaoxuekuai1"
    },
    {
      "name": "xuekuai5",
      "bone": "xiaoxuekuai2"
    },
    {
      "name": "xuekuai6",
      "bone": "xiaoxuekuai3"
    }
  ],
  "skins": [
    {
      "name": "default",
      "attachments": {
        "xuekuai1": {
          "xuekuai1": {
            "width": 24,
            "height": 22
          }
        },
        "xuekuai2": {
          "xuekuai2": {
            "x": 0.5,
            "width": 31,
            "height": 32
          }
        },
        "xuekuai3": {
          "xuekuai3": {
            "x": 3.25,
            "y": -0.33,
            "width": 34,
            "height": 32
          }
        },
        "xuekuai4": {
          "xuekuai2": {
            "x": 0.5,
            "width": 31,
            "height": 32
          }
        },
        "xuekuai5": {
          "xuekuai1": {
            "width": 24,
            "height": 22
          }
        },
        "xuekuai6": {
          "xuekuai1": {
            "width": 24,
            "height": 22
          }
        },
        "xuehua": {
          "xuehua": {
            "y": 0.5,
            "width": 70,
            "height": 73
          }
        }
      }
    }
  ],
  "animations": {
    "broken": {
      "slots": {
        "xuekuai5": {
          "color": [
            {
              "time": 0.5,
              "color": "ffffffff"
            },
            {
              "time": 0.6,
              "color": "ffffff00"
            }
          ],
          "attachment": [
            {
              "name": "xuekuai1"
            }
          ]
        },
        "xuekuai4": {
          "color": [
            {
              "time": 0.5333,
              "color": "ffffffff"
            },
            {
              "time": 0.6333,
              "color": "ffffff00"
            }
          ],
          "attachment": [
            {
              "name": "xuekuai2"
            }
          ]
        },
        "xuekuai3": {
          "color": [
            {
              "time": 0.5333,
              "color": "ffffffff"
            },
            {
              "time": 0.6333,
              "color": "ffffff00"
            }
          ],
          "attachment": [
            {
              "name": "xuekuai3"
            }
          ]
        },
        "xuekuai1": {
          "color": [
            {
              "time": 0.5333,
              "color": "ffffffff"
            },
            {
              "time": 0.6333,
              "color": "ffffff00"
            }
          ],
          "attachment": [
            {
              "name": "xuekuai1"
            }
          ]
        },
        "xuekuai6": {
          "color": [
            {
              "time": 0.4,
              "color": "ffffffff"
            },
            {
              "time": 0.5,
              "color": "ffffff00"
            }
          ],
          "attachment": [
            {
              "name": "xuekuai1"
            }
          ]
        },
        "xuehua": {
          "color": [
            {
              "time": 0.5,
              "color": "ffffffff"
            },
            {
              "time": 0.6667,
              "color": "ffffff00"
            }
          ],
          "attachment": [
            {
              "name": "xuehua"
            }
          ]
        },
        "xuekuai2": {
          "color": [
            {
              "time": 0.4333,
              "color": "ffffffff"
            },
            {
              "time": 0.5667,
              "color": "ffffff00"
            }
          ],
          "attachment": [
            {
              "name": "xuekuai2"
            }
          ]
        }
      },
      "bones": {
        "xuehua": {
          "translate": [
            {
              "time": 0.1667
            },
            {
              "time": 0.6667,
              "y": -25.33
            }
          ],
          "scale": [
            {},
            {
              "time": 0.1667,
              "x": 1.513,
              "y": 1.513
            },
            {
              "time": 0.6667,
              "x": 1.788,
              "y": 1.788
            }
          ]
        },
        "xiaoxuekuai1": {
          "rotate": [
            {},
            {
              "time": 0.6333,
              "angle": 38.61
            }
          ],
          "translate": [
            {
              "x": -0.07,
              "y": -0.58
            },
            {
              "time": 0.2333,
              "x": -11.15,
              "y": -3.86
            },
            {
              "time": 0.6333,
              "x": -32.54,
              "y": -35.43
            }
          ],
          "scale": [
            {
              "x": 1.14,
              "y": 1.14
            }
          ]
        },
        "xiaoxuekuai2": {
          "rotate": [
            {},
            {
              "time": 0.6,
              "angle": -55.83
            }
          ],
          "translate": [
            {
              "x": 7.6,
              "y": 3.38
            },
            {
              "time": 0.2667,
              "x": 24.04,
              "y": -3.51
            },
            {
              "time": 0.6,
              "x": 42.85,
              "y": -36.18
            }
          ]
        },
        "xiaoxuekuai3": {
          "translate": [
            {
              "x": -17.73,
              "y": -9.56
            },
            {
              "time": 0.2333,
              "x": -34.14,
              "y": -12.72
            },
            {
              "time": 0.5,
              "x": -52.88,
              "y": -43.57
            }
          ]
        },
        "xuekuai2": {
          "rotate": [
            {},
            {
              "time": 0.5667,
              "angle": -54.94
            }
          ],
          "translate": [
            {},
            {
              "time": 0.5667,
              "x": 19.09,
              "y": -37.67
            }
          ]
        },
        "xuekuai3": {
          "rotate": [
            {},
            {
              "time": 0.6333,
              "angle": -55.63
            }
          ],
          "translate": [
            {},
            {
              "time": 0.6333,
              "x": 20.92,
              "y": -52.48
            }
          ]
        },
        "xuekuai4": {
          "rotate": [
            {},
            {
              "time": 0.6333,
              "angle": 32.38
            }
          ],
          "translate": [
            {},
            {
              "time": 0.6333,
              "x": -24.74,
              "y": -46.88
            }
          ]
        }
      }
    }
  }
}